DATE,TIME,MANUAL,INT_TIME,FRAME_AVG,AE,IS_SATURATED,IS_DARK,X,Y,Z,340,345,350,355,360,365,370,375,380,385,390,395,400,405,410,415,420,425,430,435,440,445,450,455,460,465,470,475,480,485,490,495,500,505,510,515,520,525,530,535,540,545,550,555,560,565,570,575,580,585,590,595,600,605,610,615,620,625,630,635,640,645,650,655,660,665,670,675,680,685,690,695,700,705,710,715,720,725,730,735,740,745,750,755,760,765,770,775,780,785,790,795,800,805,810,815,820,825,830,835,840,845,850,855,860,865,870,875,880,885,890,895,900,905,910,915,920,925,930,935,940,945,950,955,960,965,970,975,980,985,990,995,1000,1005,1010,
15/9/2022,15:42:11,1,750,3,0,0,1,2.73,3.02,2.99,0.000000000000000000,0.000000000000000000,0.000000000000000000,0.000006293337264651,0.000008319445441884,0.000005892653007322,0.000001063891318154,0.000000000000000000,0.000000000000000000,0.000000000000000000,0.000000000000000000,0.000000000000000000,0.000000834374020542,0.000005033144589106,0.000008366281690542,0.000011711342267517,0.000015669738786528,0.000020484707420110,0.000025331273718621,0.000029648508643731,0.000033595835702727,0.000037739300751127,0.000042322521039750,0.000046838638809277,0.000049871221563080,0.000051687416998902,0.000051666313083842,0.000051312748837518,0.000050143768021371,0.000048740210331744,0.000047447170800297,0.000046337834646692,0.000046237080823630,0.000047329664084828,0.000049256086640526,0.000050945702241734,0.000051453003834467,0.000050627353630261,0.000049230678996537,0.000048072739446070,0.000047695444663987,0.000047853092837613,0.000048058132961160,0.000047577133955201,0.000045797201892128,0.000042220759496558,0.000038016190956114,0.000033482905564597,0.000029874514439143,0.000026891770176007,0.000025028526579263,0.000024591043256805,0.000026242396415910,0.000030045413950575,0.000035679026041180,0.000042685023800004,0.000049753576604417,0.000055537671869388,0.000058340971008874,0.000056943528761622,0.000051585702749435,0.000042456700612092,0.000032596552046016,0.000024144503186108,0.000018292366803507,0.000015640354831703,0.000016664525901433,0.000020232211682014,0.000024210305127781,0.000026939444069285,0.000028337590265437,0.000029070588425384,0.000030679715564474,0.000033545002224855,0.000037200181395747,0.000041554485505912,0.000046563396608690,0.000053306168410927,0.000061503480537795,0.000069919304223731,0.000076538075518329,0.000081300160672981,0.000085337254859041,0.000090535460913088,0.000097414165793452,0.000105386126961093,0.000113040907308459,0.000119364420243073,0.000123300691484474,0.000124627084005624,0.000122097597341053,0.000116629751573782,0.000109574393718503,0.000102498110209126,0.000095813891675789,0.000091849789896514,0.000090185472799931,0.000091043853899464,0.000093638169346377,0.000096533505711704,0.000099706601758953,0.000102772006357554,0.000104748702142388,0.000105776598502416,0.000106270781543572,0.000105799852462951,0.000104005208413582,0.000101633595477324,0.000098281394457445,0.000095031122327782,0.000090537920186762,0.000086013249529060,0.000081286227214150,0.000076558542787097,0.000071799651777837,0.000067221393692307,0.000062883118516766,0.000059154495829716,0.000053080693760421,0.000051169296057196,0.000050394246500218,0.000049569192924537,0.000049504302296555,0.000050303977332078,0.000051480721594999,0.000053435309382621,0.000055326483561657,0.000060438564105425,0.000063063613197301,0.000065804233599920,0.000068244211433921,0.000070241432695184,0.000072653128881939,0.000074958887125831,0.000076928838097956,
15/9/2022,15:46:3,0,750,3,0,0,1,2.42,2.75,3.13,0.000000000000000000,0.000000000000000000,0.000000000000000000,0.000000000000000000,0.000000000000000000,0.000000000000000000,0.000000000000000000,0.000000000000000000,0.000000000000000000,0.000000000000000000,0.000000000000000000,0.000000000000000000,0.000000000000000000,0.000000000000000000,0.000007949232895044,0.000015165520380833,0.000019840739696519,0.000023234040781972,0.000025909166652127,0.000029911949241068,0.000035475648473948,0.000042208652303088,0.000048794634494698,0.000054133586672833,0.000056867615057854,0.000056604581914144,0.000053705323807662,0.000048815472837305,0.000043900916352868,0.000040861243178369,0.000041192171920557,0.000044385251385393,0.000049595324526308,0.000055168529797811,0.000059589583543129,0.000062210288888309,0.000061984363128431,0.000058700919908006,0.000052593772124965,0.000045247528760228,0.000038563939597225,0.000034144220990129,0.000032354222639697,0.000032240612199530,0.000032702584576327,0.000032833173463587,0.000032739502785262,0.000031881045288173,0.000030624185455963,0.000027868056349689,0.000024672419385752,0.000021787793230033,0.000021038113118266,0.000023171463908511,0.000027725074687623,0.000033694625017233,0.000039396290958393,0.000044089058064856,0.000047248631744878,0.000047935289330781,0.000047327048378065,0.000041911200241884,0.000035578963434091,0.000030276869438239,0.000026826146495296,0.000024824161300785,0.000023126296582632,0.000021029778508819,0.000019117984265904,0.000018150762116420,0.000019425702703302,0.000022217660443857,0.000025294597435277,0.000028515951271402,0.000032181684218813,0.000037000951124355,0.000043716609070543,0.000052058923756704,0.000061576130974572,0.000071307142206933,0.000079890771303326,0.000085371888417285,0.000088743137894198,0.000091736917966045,0.000095415532996412,0.000099749777291436,0.000104297112557106,0.000108276166429278,0.000111039626062848,0.000112344678200316,0.000112561523565091,0.000111512650619261,0.000109771666757297,0.000107634514279198,0.000105124490801245,0.000103499100077897,0.000102311809314415,0.000101901248854119,0.000101673307653982,0.000101185083622113,0.000100367506092880,0.000099891563877463,0.000098364223958924,0.000096467054390814,0.000094290153356269,0.000091742105723824,0.000089154840679839,0.000086209613073152,0.000082610808021855,0.000079420016845688,0.000076308017014526,0.000073490729846526,0.000070822847192176,0.000068485591327772,0.000066030079324264,0.000064123712945729,0.000062528037233278,0.000061151491536293,0.000060084763390478,0.000059358870203141,0.000058349443861516,0.000057928289606934,0.000057988050684799,0.000058513516705716,0.000059282207075739,0.000060347872931743,0.000060839163779747,0.000063879335357342,0.000064519030274823,0.000064749969169497,0.000063981831772253,0.000062867395172361,0.000061938277212903,0.000061022466979921,0.000059949325077469,
15/9/2022,15:46:8,0,750,3,0,0,1,2.37,2.71,2.97,0.000000000000000000,0.000004276694198779,0.000009448302989767,0.000012245261132193,0.000008779190466157,0.000002452393118801,0.000000000000000000,0.000000000000000000,0.000000000000000000,0.000000000000000000,0.000000000000000000,0.000000000000000000,0.000002119358669006,0.000008279344910989,0.000013420075447357,0.000016695757949492,0.000018708204152063,0.000021003774236306,0.000024420387489954,0.000029390370400506,0.000035402896173764,0.000041648632759461,0.000047357763833134,0.000051177456043661,0.000052522209443850,0.000051373583119130,0.000048269623221131,0.000044465468818089,0.000040755767258815,0.000038715403206879,0.000039115144318203,0.000041786632209551,0.000046551009290852,0.000052046732889721,0.000056498221965740,0.000058232781157130,0.000056221480917884,0.000051404265832389,0.000045821310777683,0.000041799783502938,0.000040843518945621,0.000041560848330846,0.000042427825974301,0.000041341969335917,0.000038531903555850,0.000034617161873030,0.000031315259548137,0.000028001426471747,0.000025039777028724,0.000022618196453550,0.000021751291569672,0.000021914584067417,0.000022934740627534,0.000024796290745144,0.000028036862204317,0.000033476753742434,0.000040177907067118,0.000045687746023759,0.000048011861508712,0.000046662371460116,0.000043049865780631,0.000037285048165359,0.000031799456337467,0.000027414940632298,0.000023884436814114,0.000020856085029664,0.000018190734408563,0.000016894524378586,0.000018190621631220,0.000022288282707450,0.000029068178264424,0.000035822227800963,0.000039191480027512,0.000038196871173568,0.000033873824577313,0.000029714723495999,0.000029914743208792,0.000037031943065813,0.000050502720114309,0.000066603955929168,0.000080315199738834,0.000088792934548110,0.000092914211563766,0.000095179944764823,0.000097192023531534,0.000099343589681666,0.000101337740488816,0.000102975391200744,0.000103920378023759,0.000104965438367799,0.000106226878415328,0.000107825057057198,0.000109849177533761,0.000111622830445413,0.000111850793473423,0.000111312867375091,0.000109531145426445,0.000107137711893301,0.000104972408735193,0.000102200581750367,0.000099933989986312,0.000098190110293217,0.000097047297458630,0.000096111099992413,0.000095594448794145,0.000095026989583857,0.000093933558673598,0.000092715054051951,0.000090238412667532,0.000087992288172245,0.000084320767200552,0.000080008874647319,0.000075075528002344,0.000069686095230281,0.000064060142904054,0.000058786059526028,0.000054249259846983,0.000050519371143309,0.000047010711568873,0.000044459829950938,0.000043633732275339,0.000042778476199601,0.000042859432141995,0.000043831372749992,0.000045255048462423,0.000046994500735309,0.000048374324251199,0.000050781673053280,0.000053457097237697,0.000055175358284032,0.000056393437262159,0.000057421970268479,0.000058015739341499,0.000058274388720747,0.000058768546296051,
15/9/2022,15:46:40,0,750,3,0,0,1,2.39,2.70,3.08,0.000000000000000000,0.000000000000000000,0.000000000000000000,0.000004135873950872,0.000011684373930620,0.000011314990842948,0.000003575224809538,0.000000000000000000,0.000000000000000000,0.000000000000000000,0.000000000000000000,0.000000000000000000,0.000001179967966891,0.000010275715794705,0.000018129176169168,0.000024407409000560,0.000028705384465866,0.000031659645173931,0.000032774638384581,0.000033477430406492,0.000034783799492288,0.000037162721127970,0.000041334187699249,0.000045963493903400,0.000049924328777706,0.000052664130635094,0.000053268933697836,0.000051914528739871,0.000050349641242065,0.000049309866881231,0.000049792302888818,0.000051730014092755,0.000054820269724587,0.000057640245358925,0.000059204474382568,0.000058839748817263,0.000056165084970417,0.000051222028560005,0.000045052482164465,0.000039321930671576,0.000035454377211863,0.000033635435102042,0.000033574568078620,0.000034033091651509,0.000034525255614426,0.000034345055610174,0.000034263241104782,0.000033202642953256,0.000031031297112349,0.000027460217097541,0.000024021197532420,0.000022411211830331,0.000023604112357134,0.000027693131414708,0.000033173826523125,0.000038632362702629,0.000042268005927326,0.000043089592509205,0.000040978971810546,0.000037059242458781,0.000033322070521535,0.000028552020012285,0.000025284842195106,0.000023084252461558,0.000020902905816911,0.000018125163478544,0.000015768184312037,0.000014692428521812,0.000015028933376016,0.000015507570424234,0.000016180925740628,0.000016885500372155,0.000017567204849911,0.000019555471226340,0.000023439100914402,0.000029833936423529,0.000038237241824390,0.000048636586143402,0.000060023558035027,0.000070916001277510,0.000079917284892872,0.000086504158389289,0.000091975605755579,0.000097402429673821,0.000102380974567495,0.000105790968518704,0.000107065367046744,0.000106929066532757,0.000106084145954810,0.000105809805972967,0.000106015075289179,0.000106090075860266,0.000105820741737261,0.000105115286714863,0.000103355487226509,0.000102991136373021,0.000102531332231592,0.000102784579212312,0.000103497179225087,0.000104007340269163,0.000104566097434144,0.000105101906228811,0.000105129052826669,0.000104705890407786,0.000104030084912665,0.000102752404927742,0.000101158162578940,0.000098935066489503,0.000095452975074295,0.000092348476755433,0.000087826920207590,0.000084101309766993,0.000080126359534916,0.000076254043960944,0.000072048213041853,0.000068102279328741,0.000065032341808546,0.000061724582337774,0.000059398233133834,0.000057652625400806,0.000056750959629426,0.000055713284382364,0.000055349213653244,0.000055663884268142,0.000056319629948121,0.000057617653510533,0.000058906334743369,0.000062755083490629,0.000064982843468897,0.000067628083343152,0.000069508569140453,0.000070903137384448,0.000072537972300779,0.000074064228101633,0.000075343654316384,
15/9/2022,15:46:45,0,750,3,0,0,1,2.50,2.76,3.32,0.000000000000000000,0.000000000000000000,0.000000143527230989,0.000010084411769640,0.000014639315850218,0.000013876133380109,0.000007707566510362,0.000000000000000000,0.000000000000000000,0.000000000000000000,0.000000000000000000,0.000000000000000000,0.000000000000000000,0.000002366274202359,0.000007159249435063,0.000011415240805945,0.000015548483133898,0.000021106921849423,0.000027296544431010,0.000034137778129661,0.000041341660107719,0.000047992212785175,0.000053802308684681,0.000057915291108657,0.000059190271713305,0.000057804183597909,0.000052945779316360,0.000045845514250686,0.000038666992622893,0.000033240103221033,0.000031607876735507,0.000035205255699111,0.000043003317841794,0.000052429182687774,0.000060210375522729,0.000063814899476711,0.000062325481849257,0.000057151126384269,0.000050670838390943,0.000045202108594822,0.000041794297430897,0.000039253271097550,0.000036921883292962,0.000033915199310286,0.000031059778848430,0.000028960806957912,0.000029160104531911,0.000030007922759978,0.000029900964364060,0.000027788091756520,0.000024047571059782,0.000020744997527800,0.000019715425878530,0.000022571759473067,0.000029509270461858,0.000039716425817460,0.000049608719564276,0.000055840635468485,0.000055674874602119,0.000049244077672483,0.000040608716517454,0.000030986855563242,0.000024279834178742,0.000020114879589528,0.000017042084436980,0.000014334626030177,0.000013109178325976,0.000014652250683866,0.000019090646674158,0.000024321319870069,0.000027858886824106,0.000028187594580231,0.000026320940378355,0.000024706552721909,0.000025597777494113,0.000030252103897510,0.000038484526157845,0.000049112608394353,0.000060049038438592,0.000069031302700751,0.000074489929829724,0.000077716184023302,0.000081076723290607,0.000086618128989358,0.000094129245553631,0.000102062840596773,0.000108516229374800,0.000112979410914704,0.000115894406917505,0.000117064642836340,0.000116866984171793,0.000115185728645884,0.000112442619865760,0.000108838416053914,0.000104564976936672,0.000101033103419468,0.000097717085736804,0.000095316652732436,0.000094247283414006,0.000093777431175113,0.000094354654720519,0.000095460170996375,0.000097224416094832,0.000098978416644968,0.000100789846328553,0.000102084370155353,0.000102285055618268,0.000101891244412400,0.000099474789749365,0.000097146323241759,0.000092370355559979,0.000087166430603247,0.000081150232290383,0.000074508971010800,0.000067984932684340,0.000061582948546857,0.000055977478041314,0.000050824892241508,0.000048499125114176,0.000045506338210544,0.000044732867536368,0.000043805346649606,0.000043678315705620,0.000044154694478493,0.000045178814616520,0.000046753601054661,0.000048425677960040,0.000050301554438192,0.000053883210057393,0.000058367491874378,0.000062200851971284,0.000065702392021194,0.000069398876803461,0.000072566916060168,0.000075515134085435,
15/9/2022,16:6:11,0,750,3,0,0,1,0.22,0.32,0.32,0.000000000000000000,0.000000000000000000,0.000000000000000000,0.000001440167693545,0.000003701173227455,0.000003430597644183,0.000001024032030728,0.000000000000000000,0.000000000000000000,0.000000000000000000,0.000000000000000000,0.000000000000000000,0.000000000000000000,0.000000000000000000,0.000000000000000000,0.000000000000000000,0.000001377483044962,0.000005405404408521,0.000010758645657916,0.000015432386135217,0.000016966474504443,0.000013984650649945,0.000006746864983143,0.000000000000000000,0.000000000000000000,0.000000000000000000,0.000000000000000000,0.000000000000000000,0.000002899919536503,0.000008009731573111,0.000010100332474394,0.000009202654837281,0.000006243522420846,0.000002970640935018,0.000000823271250283,0.000000494762787184,0.000001503634621258,0.000002839275339284,0.000003979287157563,0.000005124876679474,0.000006961258350202,0.000009797086022445,0.000012545370736916,0.000013853615200787,0.000012915593288199,0.000010006145203079,0.000006286612460826,0.000002978600832648,0.000000468108424911,0.000000000000000000,0.000000000000000000,0.000000000000000000,0.000000000000000000,0.000000000000000000,0.000002169950448661,0.000004219070433464,0.000004847786385653,0.000004008623818663,0.000002647568180691,0.000001492633714406,0.000001047695945999,0.000001208251660501,0.000001577662146701,0.000001864249043138,0.000001626633888918,0.000001033572857523,0.000000162463479114,0.000000000000000000,0.000000000000000000,0.000000000000000000,0.000000000000000000,0.000000000000000000,0.000000000000000000,0.000000000000000000,0.000000000000000000,0.000000000000000000,0.000000000000000000,0.000000000000000000,0.000000000000000000,0.000001558096755616,0.000005662600869982,0.000007768593604851,0.000007938742783153,0.000006552815193572,0.000003924118573195,0.000000498383087688,0.000000000000000000,0.000000000000000000,0.000000000000000000,0.000000000000000000,0.000000605434593126,0.000004073472609889,0.000007002684014878,0.000008537472240278,0.000008700851140020,0.000008251228791778,0.000006889800260979,0.000005111965037941,0.000003395238536541,0.000001851682441156,0.000000718727164895,0.000000000000000000,0.000000000000000000,0.000000000000000000,0.000000756858412387,0.000001745696636135,0.000002998988520631,0.000004100555997866,0.000004579687356454,0.000005007902927900,0.000004721531240648,0.000004473857188714,0.000003741793534573,0.000002694180011531,0.000001157791416517,0.000000000000000000,0.000000000000000000,0.000000000000000000,0.000000000000000000,0.000000000000000000,0.000000000000000000,0.000000000000000000,0.000000000000000000,0.000000000000000000,0.000000000000000000,0.000000000000000000,0.000000000000000000,0.000000000000000000,0.000000000000000000,0.000000000000000000,0.000000000000000000,0.000000000000000000,0.000000000000000000,0.000000000000000000,0.000000000000000000,
15/9/2022,16:6:16,0,750,3,0,0,1,-0.08,0.08,0.22,0.000000000000000000,0.000000000000000000,0.000001198928544000,0.000002104208761011,0.000000000000000000,0.000000000000000000,0.000000000000000000,0.000000000000000000,0.000000000000000000,0.000000000000000000,0.000000000000000000,0.000000000000000000,0.000005330662588676,0.000009763152775122,0.000011845241715491,0.000012124026397942,0.000011710294529621,0.000011425499906181,0.000011492729754536,0.000011309797628201,0.000009650241736381,0.000005950541435595,0.000001211579842675,0.000000000000000000,0.000000000000000000,0.000000000000000000,0.000000000000000000,0.000000000000000000,0.000001927885477926,0.000004279264885554,0.000005512314146472,0.000006098299763835,0.000005946184955974,0.000005387379133026,0.000004887520390184,0.000004527033524937,0.000003799441628871,0.000002244825509479,0.000000000000000000,0.000000000000000000,0.000000000000000000,0.000000000000000000,0.000002685746494535,0.000006394706360879,0.000008545519449399,0.000008492898814438,0.000007255473519763,0.000005431007139123,0.000003589713060137,0.000001523026412542,0.000000000000000000,0.000000000000000000,0.000000000000000000,0.000000000000000000,0.000000000000000000,0.000000000000000000,0.000000000000000000,0.000000000000000000,0.000000000000000000,0.000000000000000000,0.000003366653118064,0.000007422029739246,0.000009249800314137,0.000009184434929921,0.000007724777788098,0.000005280675395625,0.000002359539848840,0.000000000000000000,0.000000000000000000,0.000000000000000000,0.000000000000000000,0.000000000000000000,0.000000000000000000,0.000001358029294352,0.000002894657654906,0.000002122399109794,0.000000000000000000,0.000000000000000000,0.000000000000000000,0.000000000000000000,0.000002913365506174,0.000005348622835299,0.000005966098797217,0.000004752482709591,0.000001990705868593,0.000000000000000000,0.000000000000000000,0.000000000000000000,0.000000000000000000,0.000000000000000000,0.000000259900076571,0.000005994294042466,0.000011816184269264,0.000016593996406300,0.000019348983187228,0.000019744182282011,0.000018183924112236,0.000014972983990447,0.000010951441254292,0.000006640544597758,0.000002720834118008,0.000000000000000000,0.000000000000000000,0.000000000000000000,0.000000000000000000,0.000000000000000000,0.000000000000000000,0.000000000000000000,0.000000000000000000,0.000000000000000000,0.000000000000000000,0.000000000000000000,0.000000000000000000,0.000000000000000000,0.000000000000000000,0.000000000000000000,0.000000000000000000,0.000000000000000000,0.000000000000000000,0.000000000000000000,0.000000000000000000,0.000000000000000000,0.000000000000000000,0.000000000000000000,0.000000000000000000,0.000000000000000000,0.000000000000000000,0.000000000000000000,0.000000000000000000,0.000000000000000000,0.000000000000000000,0.000000000000000000,0.000000000000000000,0.000000000000000000,0.000000000000000000,
15/9/2022,16:6:21,0,750,3,0,0,1,-0.01,0.10,-0.01,0.000000000000000000,0.000000000000000000,0.000000000000000000,0.000000000000000000,0.000000000000000000,0.000000000000000000,0.000000000000000000,0.000000000000000000,0.000000000000000000,0.000000000000000000,0.000000000000000000,0.000002159262749046,0.000006092903277022,0.000006512071195175,0.000003440786031206,0.000000000000000000,0.000000000000000000,0.000000000000000000,0.000000000000000000,0.000000000000000000,0.000003216712002541,0.000004671264832723,0.000004260671175871,0.000002118788415828,0.000000000000000000,0.000000000000000000,0.000000000000000000,0.000000000000000000,0.000000000000000000,0.000000000000000000,0.000000310695384087,0.000000475297383673,0.000000000000000000,0.000000000000000000,0.000000000000000000,0.000000139263534038,0.000000000000000000,0.000000000000000000,0.000000000000000000,0.000000000000000000,0.000002414651362415,0.000005907575086894,0.000008554477062717,0.000008932766832004,0.000007210238436528,0.000004563968559523,0.000003154706973874,0.000002374258201598,0.000001156516191259,0.000000000000000000,0.000000000000000000,0.000000000000000000,0.000000000000000000,0.000000000000000000,0.000000000000000000,0.000000000000000000,0.000000000000000000,0.000000000000000000,0.000002065690978270,0.000006229064638319,0.000008370296200155,0.000006660715371254,0.000003823515271506,0.000001894933689073,0.000001601347207725,0.000002032911652350,0.000001937046363309,0.000001030220005305,0.000000000000000000,0.000000000000000000,0.000000000000000000,0.000000402103154329,0.000000687777230723,0.000000000000000000,0.000000000000000000,0.000000000000000000,0.000000000000000000,0.000000000000000000,0.000000000000000000,0.000001630379529161,0.000003442603428994,0.000004374370291771,0.000003697005240610,0.000001440816845388,0.000000000000000000,0.000000000000000000,0.000000000000000000,0.000000000000000000,0.000000922344554510,0.000006097650384618,0.000010538172318775,0.000012636442988878,0.000012000073184026,0.000009087237231142,0.000004843498118134,0.000000941301607327,0.000000000000000000,0.000000000000000000,0.000000000000000000,0.000000000000000000,0.000000000000000000,0.000000000000000000,0.000001984250957321,0.000004017516857857,0.000005695863819710,0.000006844586550869,0.000007260170150403,0.000007324201760639,0.000006137425316410,0.000004666968379752,0.000001907763362397,0.000000000000000000,0.000000000000000000,0.000000000000000000,0.000000000000000000,0.000000000000000000,0.000000000000000000,0.000000000000000000,0.000000000000000000,0.000000000000000000,0.000000000000000000,0.000000000000000000,0.000000000000000000,0.000000000000000000,0.000000000000000000,0.000000000000000000,0.000000000000000000,0.000000000000000000,0.000000000000000000,0.000000000000000000,0.000000000000000000,0.000000000000000000,0.000000000000000000,0.000000000000000000,0.000000000000000000,
15/9/2022,16:6:26,0,750,3,0,0,1,0.02,0.09,0.21,0.000004966716460331,0.000003732484856300,0.000002420531700409,0.000000629248802397,0.000000000000000000,0.000000000000000000,0.000000000000000000,0.000000000000000000,0.000000000000000000,0.000000000000000000,0.000000000000000000,0.000000000000000000,0.000000000000000000,0.000000000000000000,0.000000000000000000,0.000000000000000000,0.000002071968765449,0.000005803603016830,0.000008815939509077,0.000009644052624935,0.000007826768523955,0.000003917750291293,0.000000000000000000,0.000000000000000000,0.000000000000000000,0.000000000000000000,0.000000000000000000,0.000000125469838963,0.000002204368001912,0.000003246103460697,0.000003360766413607,0.000003336996314829,0.000003642262981884,0.000004268161774235,0.000005170919394004,0.000005859702923772,0.000006139320248622,0.000005901161330257,0.000005238314315648,0.000004371790964797,0.000003670602154671,0.000003119707344013,0.000002319943632756,0.000000552395874820,0.000000000000000000,0.000000000000000000,0.000000000000000000,0.000000000000000000,0.000000248082358212,0.000001537683942843,0.000001319022885582,0.000000000000000000,0.000000000000000000,0.000000000000000000,0.000000000000000000,0.000000000000000000,0.000000000000000000,0.000000000000000000,0.000000000000000000,0.000000000000000000,0.000001661934788899,0.000002684700120881,0.000003440729415161,0.000003169366209477,0.000001482895640947,0.000000000000000000,0.000000000000000000,0.000000000000000000,0.000000000000000000,0.000000000000000000,0.000000000000000000,0.000000000000000000,0.000000797497818894,0.000004784323209606,0.000007136451131373,0.000006201530140970,0.000002545587904024,0.000000000000000000,0.000000000000000000,0.000000000000000000,0.000000000000000000,0.000002562391500760,0.000003311154159746,0.000001840157892730,0.000000000000000000,0.000000000000000000,0.000000000000000000,0.000000000000000000,0.000000000000000000,0.000000000000000000,0.000000000000000000,0.000000888564613888,0.000005878637239221,0.000010360085070715,0.000012937677638547,0.000014620819456468,0.000014294016182248,0.000012640181012102,0.000009815594239626,0.000006553464118042,0.000003291907660241,0.000000567895995118,0.000000000000000000,0.000000000000000000,0.000000000000000000,0.000000000000000000,0.000000000000000000,0.000000000000000000,0.000000000000000000,0.000000000000000000,0.000000723085065601,0.000002171010464735,0.000003450153599260,0.000004446425009519,0.000004935195192957,0.000005140077519172,0.000005220339517109,0.000004337603968452,0.000004424504368217,0.000002342250127185,0.000000000000000000,0.000000000000000000,0.000000000000000000,0.000000000000000000,0.000000000000000000,0.000000000000000000,0.000000000000000000,0.000000000000000000,0.000000000000000000,0.000000000000000000,0.000000000000000000,0.000000000000000000,0.000000000000000000,0.000000000000000000,0.000000000000000000,
15/9/2022,16:6:31,0,750,3,0,0,1,0.16,0.24,-0.03,0.000000000000000000,0.000000000000000000,0.000000000000000000,0.000000000000000000,0.000000000000000000,0.000000000000000000,0.000000000000000000,0.000000000000000000,0.000000000000000000,0.000000000000000000,0.000000000000000000,0.000000000000000000,0.000000000000000000,0.000000000000000000,0.000000000000000000,0.000000000000000000,0.000002123864533132,0.000006241254141059,0.000008379955943383,0.000007360308245552,0.000003029052095371,0.000000000000000000,0.000000000000000000,0.000000000000000000,0.000000000000000000,0.000000000000000000,0.000000000000000000,0.000001665763761594,0.000005042348675488,0.000006241893515835,0.000005382411472965,0.000002926540673798,0.000000255576736663,0.000000000000000000,0.000000000000000000,0.000000000000000000,0.000000707504170805,0.000002410871275060,0.000003547687356331,0.000004221115432301,0.000005164763479115,0.000006995258900133,0.000009162249625660,0.000010397004189144,0.000009389467777510,0.000005780587343907,0.000001870388132375,0.000000000000000000,0.000000000000000000,0.000000000000000000,0.000000000000000000,0.000000104950558466,0.000001536973172733,0.000003791739345615,0.000006253631454456,0.000007575701602036,0.000006700797712256,0.000003769348950300,0.000000224644836067,0.000000000000000000,0.000000000000000000,0.000000000000000000,0.000000944535145209,0.000000438739448327,0.000000000000000000,0.000000000000000000,0.000000000000000000,0.000000000000000000,0.000000136525372341,0.000000000000000000,0.000000000000000000,0.000000000000000000,0.000000000000000000,0.000000000000000000,0.000001674394184192,0.000002362055511185,0.000000973655232883,0.000000000000000000,0.000000000000000000,0.000000000000000000,0.000000000000000000,0.000002192877900598,0.000004491813342611,0.000005609088930214,0.000004986120075046,0.000002778503358059,0.000000000000000000,0.000000000000000000,0.000000000000000000,0.000000000000000000,0.000000000000000000,0.000001026288600769,0.000003156573029628,0.000004789284503204,0.000005770798452431,0.000006453603418777,0.000006730264885846,0.000006564558589162,0.000005897114988329,0.000005339045401342,0.000004717156116385,0.000003660135689643,0.000002801783921313,0.000002013678340518,0.000001283775418415,0.000000606440778483,0.000000086027199586,0.000000000000000000,0.000000000000000000,0.000000000000000000,0.000000000000000000,0.000000000000000000,0.000000000000000000,0.000000000000000000,0.000000000000000000,0.000000000000000000,0.000000000000000000,0.000000000000000000,0.000000000000000000,0.000000000000000000,0.000000000000000000,0.000000000000000000,0.000000000000000000,0.000000000000000000,0.000000000000000000,0.000000000000000000,0.000000000000000000,0.000000000000000000,0.000000000000000000,0.000000000000000000,0.000000000000000000,0.000000000000000000,0.000000000000000000,0.000000000000000000,0.000000000000000000,
15/9/2022,16:6:36,0,750,3,0,0,1,0.11,0.13,0.16,0.000000000000000000,0.000000000000000000,0.000000000000000000,0.000000745308113892,0.000000000000000000,0.000000000000000000,0.000000000000000000,0.000000000000000000,0.000000000000000000,0.000000000000000000,0.000000000000000000,0.000000000000000000,0.000000000000000000,0.000000000000000000,0.000000582501400004,0.000002675442374311,0.000006444673545047,0.000010804512385221,0.000013968851817481,0.000014025705240783,0.000010865505828406,0.000005107602646603,0.000000000000000000,0.000000000000000000,0.000000000000000000,0.000000000000000000,0.000000000000000000,0.000000000000000000,0.000000000000000000,0.000000000000000000,0.000002098455979649,0.000005388458248490,0.000007163062491600,0.000007181798991951,0.000006089703674661,0.000004482016720431,0.000002593295675979,0.000000393024350842,0.000000000000000000,0.000000000000000000,0.000000000000000000,0.000000000000000000,0.000002494562295396,0.000006897865659994,0.000009597900316294,0.000009257504643756,0.000007125428510335,0.000003933554580726,0.000001012976213133,0.000000000000000000,0.000000000000000000,0.000000000000000000,0.000000000000000000,0.000000503829483023,0.000001020799913931,0.000000000000000000,0.000000000000000000,0.000000000000000000,0.000000000000000000,0.000002735103180385,0.000006192223281687,0.000006592225872737,0.000005506968591362,0.000003758457523872,0.000002038035745500,0.000000649138769404,0.000000000000000000,0.000000000000000000,0.000000000000000000,0.000000000000000000,0.000000054411120942,0.000001373774239255,0.000001957404720088,0.000001159694647868,0.000000000000000000,0.000000000000000000,0.000000000000000000,0.000000000000000000,0.000000000000000000,0.000002290069460287,0.000006464132184192,0.000008046305083553,0.000006148130523798,0.000001683268465058,0.000000000000000000,0.000000000000000000,0.000000000000000000,0.000000000000000000,0.000000000000000000,0.000002745686288108,0.000009477270396019,0.000015147692465689,0.000018679909771890,0.000019346585759195,0.000016525607861695,0.000012268816135474,0.000006613792265853,0.000001019659521262,0.000000000000000000,0.000000000000000000,0.000000000000000000,0.000000000000000000,0.000000000000000000,0.000000000000000000,0.000000000000000000,0.000000000000000000,0.000000901608473214,0.000003119638449789,0.000004007299594377,0.000004721595360024,0.000004474210527405,0.000003718084599313,0.000002347402187297,0.000000556563804821,0.000000000000000000,0.000000000000000000,0.000000000000000000,0.000000000000000000,0.000000000000000000,0.000000000000000000,0.000000000000000000,0.000000000000000000,0.000000000000000000,0.000000000000000000,0.000000000000000000,0.000000000000000000,0.000000000000000000,0.000000000000000000,0.000000000000000000,0.000000000000000000,0.000000000000000000,0.000000000000000000,0.000000000000000000,0.000000000000000000,0.000000000000000000,
15/9/2022,16:6:41,0,750,3,0,0,1,-0.01,0.13,-0.03,0.000000000000000000,0.000000000000000000,0.000000000000000000,0.000000000000000000,0.000000000000000000,0.000000000000000000,0.000000000000000000,0.000000000000000000,0.000000000000000000,0.000000000000000000,0.000000000000000000,0.000000000000000000,0.000000010395769579,0.000004232896117173,0.000007883929356467,0.000009521519132250,0.000008775906280789,0.000006273042345128,0.000003743044089788,0.000002426574383207,0.000002336940951864,0.000002463719738444,0.000001789439011191,0.000000000000000000,0.000000000000000000,0.000000000000000000,0.000000000000000000,0.000000000000000000,0.000000000000000000,0.000000000000000000,0.000003670644900922,0.000007293938324437,0.000010205892976956,0.000011904286111530,0.000012279386282898,0.000011342691323080,0.000009071398380911,0.000005857644737262,0.000002272876827192,0.000000000000000000,0.000000000000000000,0.000000000000000000,0.000000000000000000,0.000001224183392878,0.000002961691052406,0.000003480623263385,0.000003317662049085,0.000002460082896505,0.000001421930505785,0.000000216509135953,0.000000000000000000,0.000000000000000000,0.000000000000000000,0.000000000000000000,0.000000076797896043,0.000000096188792043,0.000000089476770881,0.000000000000000000,0.000000000000000000,0.000000000000000000,0.000000000000000000,0.000000000000000000,0.000000000000000000,0.000000000000000000,0.000000000000000000,0.000000000000000000,0.000000000000000000,0.000000000000000000,0.000000000000000000,0.000000067544689841,0.000000639757672616,0.000000000000000000,0.000000000000000000,0.000000000000000000,0.000000000000000000,0.000000000000000000,0.000002378726549068,0.000005503474312718,0.000007001384801697,0.000006675872100459,0.000004805480784853,0.000002813965465975,0.000001830311020967,0.000001940776428455,0.000002336230409128,0.000002120978706444,0.000001183781250802,0.000000355432575816,0.000000404164666179,0.000001709154844320,0.000004052158601553,0.000006664763077424,0.000009062006029126,0.000010513783308852,0.000010396362995380,0.000010283928531862,0.000008847821845848,0.000006867575848446,0.000004775645720656,0.000002387302174611,0.000000651784034744,0.000000000000000000,0.000000000000000000,0.000000000000000000,0.000000000000000000,0.000000000000000000,0.000000000000000000,0.000000275034722108,0.000000030526166483,0.000000000000000000,0.000000000000000000,0.000000000000000000,0.000000000000000000,0.000000000000000000,0.000000000000000000,0.000000000000000000,0.000000000000000000,0.000000000000000000,0.000000000000000000,0.000000000000000000,0.000000000000000000,0.000000000000000000,0.000000000000000000,0.000000000000000000,0.000000000000000000,0.000000000000000000,0.000000000000000000,0.000000000000000000,0.000000000000000000,0.000000000000000000,0.000000000000000000,0.000000000000000000,0.000000000000000000,0.000000000000000000,0.000000000000000000,
15/9/2022,16:6:46,0,750,3,0,0,1,0.18,0.24,0.02,0.000000000000000000,0.000000000000000000,0.000000000000000000,0.000000000000000000,0.000000000000000000,0.000005136484105606,0.000006895478236402,0.000006451049557654,0.000004731288299809,0.000002018465011133,0.000000000000000000,0.000000000000000000,0.000000000000000000,0.000000000000000000,0.000000000000000000,0.000000000000000000,0.000004255301973899,0.000006707823558827,0.000006373618816724,0.000003326703790663,0.000000000000000000,0.000000000000000000,0.000000000000000000,0.000000000000000000,0.000000000000000000,0.000000000000000000,0.000002060231508949,0.000003803725803664,0.000004772807642439,0.000005158714884601,0.000005029409749113,0.000004692754828284,0.000004380928658065,0.000004347087724454,0.000005011970188207,0.000005960608177702,0.000006254154868657,0.000005320121999830,0.000002968105718537,0.000000203077519245,0.000000000000000000,0.000000000000000000,0.000000678573599089,0.000002012810682572,0.000002203898930020,0.000001429103235751,0.000002153471314159,0.000003832000857074,0.000005374153261073,0.000006202657914400,0.000006206880243553,0.000006440546712838,0.000007299153821805,0.000008354876626981,0.000008166993211489,0.000005544143732550,0.000001417045837115,0.000000000000000000,0.000000000000000000,0.000000000000000000,0.000000000000000000,0.000000000000000000,0.000000000000000000,0.000000000000000000,0.000000077574675572,0.000000983890686257,0.000002076807277263,0.000002730302867349,0.000002232008000647,0.000001043106067300,0.000000628914847312,0.000001655891082919,0.000003510495162118,0.000004530948444881,0.000003172782271577,0.000000000000000000,0.000000000000000000,0.000000000000000000,0.000000000000000000,0.000003132873189315,0.000008338408406416,0.000011335898307152,0.000011033369446523,0.000007588189873786,0.000002103080760207,0.000000000000000000,0.000000000000000000,0.000000000000000000,0.000000000000000000,0.000000000000000000,0.000000000000000000,0.000002747554617599,0.000006604723694181,0.000008317817446368,0.000007557639946754,0.000006365592071234,0.000003788456069742,0.000001236388015968,0.000000000000000000,0.000000000000000000,0.000000000000000000,0.000000000000000000,0.000000383099433066,0.000002159856194339,0.000003799609430644,0.000005306670573191,0.000006448838576034,0.000007190772976173,0.000007133964572859,0.000007148297754611,0.000005972853159619,0.000005227752808423,0.000004252714461472,0.000003182252385159,0.000002145696271327,0.000001128801613959,0.000000449424504723,0.000000000000000000,0.000000867313758590,0.000000039643321514,0.000000000000000000,0.000000000000000000,0.000000000000000000,0.000000000000000000,0.000000000000000000,0.000000000000000000,0.000000000000000000,0.000000000000000000,0.000000000000000000,0.000000000000000000,0.000000000000000000,0.000000000000000000,0.000000000000000000,0.000000000000000000,0.000000000000000000,
15/9/2022,16:6:51,0,750,3,0,0,1,0.07,0.18,0.32,0.000000000000000000,0.000000000000000000,0.000000000000000000,0.000000000000000000,0.000000000000000000,0.000000000000000000,0.000001102153419197,0.000001869509787866,0.000002038923867076,0.000000415783148355,0.000000000000000000,0.000000000000000000,0.000000000000000000,0.000000000000000000,0.000000000000000000,0.000000000000000000,0.000002455671392454,0.000007938298949739,0.000011573711162782,0.000012200444871269,0.000009694625077827,0.000005253644303593,0.000001079613412003,0.000000000000000000,0.000000000000000000,0.000000000000000000,0.000000000000000000,0.000000000000000000,0.000000000000000000,0.000000000000000000,0.000000000000000000,0.000000000000000000,0.000000000000000000,0.000001604172894076,0.000004136943516642,0.000006975875749049,0.000009371016858495,0.000010528761777095,0.000010010999176302,0.000007549041583843,0.000004578088010021,0.000002498864205336,0.000002233220357084,0.000003094564362982,0.000003997350177087,0.000003961940819863,0.000003104467168669,0.000001232195700140,0.000000000000000000,0.000000000000000000,0.000000000000000000,0.000000000000000000,0.000000000000000000,0.000000000000000000,0.000000000000000000,0.000000000000000000,0.000000000000000000,0.000000000000000000,0.000000000000000000,0.000002108421085723,0.000006078615570004,0.000008719414836378,0.000009479364052822,0.000007820477549103,0.000004395425548864,0.000000191658870108,0.000000000000000000,0.000000000000000000,0.000000000000000000,0.000000000000000000,0.000000000000000000,0.000002896310434153,0.000004052601070725,0.000002322439968339,0.000000000000000000,0.000000000000000000,0.000000000000000000,0.000000000000000000,0.000000000000000000,0.000007542790172010,0.000012290851373109,0.000012134109056205,0.000007586343599542,0.000001097024664887,0.000000000000000000,0.000000000000000000,0.000000000000000000,0.000000000000000000,0.000000000000000000,0.000002752439286269,0.000006459330052166,0.000009558575584379,0.000011645529411908,0.000012237129340065,0.000011036126124964,0.000008782449185674,0.000005516675173567,0.000002004371026487,0.000000000000000000,0.000000000000000000,0.000000000000000000,0.000000000000000000,0.000000000000000000,0.000000000000000000,0.000000000000000000,0.000000000000000000,0.000000771730526594,0.000002239853756691,0.000003004034851983,0.000003375538426553,0.000002942100536529,0.000002114891458405,0.000000782184031323,0.000000000000000000,0.000000000000000000,0.000000000000000000,0.000000000000000000,0.000000000000000000,0.000000000000000000,0.000000000000000000,0.000000000000000000,0.000000000000000000,0.000000000000000000,0.000000000000000000,0.000000000000000000,0.000000000000000000,0.000000000000000000,0.000000000000000000,0.000000000000000000,0.000000000000000000,0.000000000000000000,0.000000000000000000,0.000000000000000000,0.000000000000000000,0.000000000000000000,
15/9/2022,16:6:56,0,750,3,0,0,1,-0.07,0.03,-0.04,0.000000000000000000,0.000000000000000000,0.000000000000000000,0.000000000000000000,0.000000000000000000,0.000000000000000000,0.000000000000000000,0.000000000000000000,0.000000000000000000,0.000000000000000000,0.000000000000000000,0.000000000000000000,0.000000509172821239,0.000000277223051626,0.000000000000000000,0.000000000000000000,0.000000000000000000,0.000000000000000000,0.000000000000000000,0.000000000000000000,0.000000518804199601,0.000001281384470531,0.000001022762603498,0.000000000000000000,0.000000000000000000,0.000000000000000000,0.000000000000000000,0.000000000000000000,0.000000000000000000,0.000002469094852131,0.000005041891199653,0.000006472673703684,0.000007105955774023,0.000007011976322246,0.000006681803370157,0.000005489489922184,0.000002841825335054,0.000000000000000000,0.000000000000000000,0.000000000000000000,0.000000000000000000,0.000000000000000000,0.000001545261966385,0.000006587390089408,0.000009046882041730,0.000008347437869816,0.000005876479008293,0.000003025172418347,0.000001235164631908,0.000000000000000000,0.000000000000000000,0.000000000000000000,0.000000000000000000,0.000000000000000000,0.000000000000000000,0.000000000000000000,0.000000000000000000,0.000000000000000000,0.000000037331723490,0.000000101986628920,0.000000589077842506,0.000000000000000000,0.000000000000000000,0.000000000000000000,0.000000000000000000,0.000000000000000000,0.000000000000000000,0.000000000000000000,0.000000000000000000,0.000000000000000000,0.000000000000000000,0.000000000000000000,0.000000181688207590,0.000001561745193612,0.000001447956378797,0.000000000000000000,0.000000000000000000,0.000000000000000000,0.000000000000000000,0.000000000000000000,0.000000731286661448,0.000005357200279832,0.000008915787475416,0.000010390232091595,0.000009332728041045,0.000006180333912198,0.000001974076894840,0.000000000000000000,0.000000000000000000,0.000000000000000000,0.000000000000000000,0.000001040871666191,0.000004456399437913,0.000006682461389573,0.000006977435532463,0.000005082990355731,0.000001472649955758,0.000000000000000000,0.000000000000000000,0.000000000000000000,0.000000000000000000,0.000000000000000000,0.000000000000000000,0.000000000000000000,0.000000000000000000,0.000001127236032517,0.000004548074230115,0.000007752291821816,0.000009685774784884,0.000011673474546114,0.000012167012755526,0.000012191435416753,0.000011488506970636,0.000010143171493837,0.000008430859452346,0.000006695211595797,0.000005015784154239,0.000003259821141910,0.000003892748281942,0.000002232415454273,0.000001315128770329,0.000000554073324111,0.000000061533178553,0.000000000000000000,0.000000000000000000,0.000000000000000000,0.000000000000000000,0.000000000000000000,0.000000000000000000,0.000000596000006681,0.000000645738111871,0.000000683154269154,0.000000702010993336,0.000000692932019319,0.000000768935819906,
15/9/2022,16:7:4,0,750,3,0,0,1,0.06,0.23,-0.09,0.000000000000000000,0.000000000000000000,0.000000000000000000,0.000000000000000000,0.000000000000000000,0.000000000000000000,0.000000000000000000,0.000000000000000000,0.000000000000000000,0.000000000000000000,0.000000000000000000,0.000000000000000000,0.000000000000000000,0.000000000000000000,0.000000000000000000,0.000006857275820948,0.000011884621926583,0.000012747415894410,0.000009766247785592,0.000004951955361321,0.000000398163876980,0.000000000000000000,0.000000000000000000,0.000000000000000000,0.000000000000000000,0.000000000000000000,0.000000000000000000,0.000000000000000000,0.000000000000000000,0.000000000000000000,0.000002465145826136,0.000005938199592492,0.000008852239261614,0.000009916481758410,0.000009073008186533,0.000006734671842423,0.000004095019448869,0.000002385906100244,0.000001904356054183,0.000002267670197398,0.000003334526581966,0.000004805536718777,0.000006578736702068,0.000007897212526586,0.000008369395800401,0.000007632017513970,0.000005606401828118,0.000002998738409588,0.000000756882400310,0.000000000000000000,0.000000000000000000,0.000000000000000000,0.000000000000000000,0.000000000000000000,0.000000000000000000,0.000000000000000000,0.000000000000000000,0.000000000000000000,0.000000020181682103,0.000001956771029654,0.000004948279638484,0.000007521292445745,0.000008877010259312,0.000008075743608060,0.000005148996024218,0.000001022869469125,0.000000000000000000,0.000000000000000000,0.000000000000000000,0.000000000000000000,0.000000000000000000,0.000000000000000000,0.000000000000000000,0.000000000000000000,0.000000000000000000,0.000000000000000000,0.000002164458464904,0.000007498260401917,0.000010251604180667,0.000008602487469034,0.000002999009439009,0.000000000000000000,0.000000000000000000,0.000000000000000000,0.000000000000000000,0.000000000000000000,0.000000000000000000,0.000002962398411910,0.000005815945769427,0.000008029825039557,0.000009426353244635,0.000010123723768629,0.000010422122613818,0.000010026666132035,0.000008246707693615,0.000006703802228003,0.000004905090463581,0.000003505140966809,0.000002652917373780,0.000001913542519105,0.000001655947471590,0.000001261878423975,0.000000998219888970,0.000000720715945590,0.000000031834620273,0.000000000000000000,0.000000000000000000,0.000000000000000000,0.000000000000000000,0.000000000000000000,0.000000000000000000,0.000000000000000000,0.000000000000000000,0.000000000000000000,0.000000000000000000,0.000000000000000000,0.000000000000000000,0.000000000000000000,0.000000000000000000,0.000000000000000000,0.000000000000000000,0.000000000000000000,0.000000000000000000,0.000000000000000000,0.000000000000000000,0.000000000000000000,0.000000000000000000,0.000000000000000000,0.000000000000000000,0.000000000000000000,0.000000000000000000,0.000000000000000000,0.000000000000000000,0.000000000000000000,0.000000000000000000,
15/9/2022,16:7:9,0,750,3,0,0,1,0.04,0.21,-0.27,0.000008756132046983,0.000004325406280259,0.000000000000000000,0.000000000000000000,0.000000000000000000,0.000000000000000000,0.000000000000000000,0.000000000000000000,0.000000000000000000,0.000000000000000000,0.000002140642209270,0.000005092557330499,0.000006090868282627,0.000005899112238694,0.000004695848474512,0.000002997262981808,0.000001342613472843,0.000000000000000000,0.000000000000000000,0.000000000000000000,0.000000000000000000,0.000000000000000000,0.000000000000000000,0.000000000000000000,0.000000000000000000,0.000000000000000000,0.000000000000000000,0.000000000000000000,0.000001706096213638,0.000004481583346205,0.000006244178166526,0.000007101182291080,0.000007372275376838,0.000006425124411180,0.000003983611804870,0.000000000000000000,0.000000000000000000,0.000000000000000000,0.000000000000000000,0.000000000000000000,0.000001423379558219,0.000007110420938261,0.000011844797882077,0.000014708926755702,0.000015794788851053,0.000015360868928838,0.000013774151739199,0.000010334940270695,0.000005538870482269,0.000000000000000000,0.000000000000000000,0.000000000000000000,0.000000000000000000,0.000000000000000000,0.000000000000000000,0.000001204648810926,0.000005412897735368,0.000007290572284546,0.000006640456831519,0.000004346462901594,0.000002101702193613,0.000000000000000000,0.000000000000000000,0.000000000000000000,0.000000000000000000,0.000000744374631267,0.000002599716708573,0.000004240756879881,0.000004808421635971,0.000003298620413261,0.000000414667766790,0.000000000000000000,0.000000000000000000,0.000000000000000000,0.000000000000000000,0.000000000000000000,0.000002898052798628,0.000004702691057901,0.000004869280019193,0.000004048314167449,0.000002751047077254,0.000002072652023344,0.000001757203790476,0.000001699809672573,0.000001861480313892,0.000002060855877062,0.000001994008471229,0.000001691302941254,0.000000560324679100,0.000000000000000000,0.000000000000000000,0.000000000000000000,0.000000000000000000,0.000000000000000000,0.000000000000000000,0.000000000000000000,0.000000000000000000,0.000000000000000000,0.000000000000000000,0.000000000000000000,0.000000000000000000,0.000000000000000000,0.000000000000000000,0.000002694862132557,0.000005611424057861,0.000008216743481171,0.000010081324944622,0.000011510092008393,0.000011574674317671,0.000011383516721253,0.000009813288670557,0.000007729522621958,0.000005114402938489,0.000002528831828386,0.000000000000000000,0.000000000000000000,0.000000000000000000,0.000000000000000000,0.000000000000000000,0.000000000000000000,0.000000000000000000,0.000000000000000000,0.000000000000000000,0.000000000000000000,0.000000000000000000,0.000000000000000000,0.000000000000000000,0.000000000000000000,0.000000000000000000,0.000000000000000000,0.000000000000000000,0.000000000000000000,0.000000000000000000,0.000000000000000000,0.000000000000000000,
15/9/2022,16:7:14,0,750,3,0,0,1,0.05,0.21,-0.16,0.000000000000000000,0.000000000000000000,0.000001759128963386,0.000003131496214337,0.000001801007783797,0.000000000000000000,0.000000000000000000,0.000000000000000000,0.000000000000000000,0.000000000000000000,0.000000000000000000,0.000000000000000000,0.000000176380964945,0.000003155994136250,0.000003708757503773,0.000002715013579291,0.000001549341732243,0.000001277502065022,0.000001202617909257,0.000001063727722794,0.000000000000000000,0.000000000000000000,0.000000000000000000,0.000000000000000000,0.000000000000000000,0.000000000000000000,0.000000000000000000,0.000000000000000000,0.000001815119389903,0.000005611577762465,0.000007706205906288,0.000007984506737557,0.000006614936864935,0.000004320306288719,0.000002241348056486,0.000000399779935378,0.000000000000000000,0.000000000000000000,0.000000000000000000,0.000000000000000000,0.000000000000000000,0.000003763484983210,0.000009545111424814,0.000014953004210838,0.000018042559531750,0.000017611542716622,0.000013571024283010,0.000006991038389970,0.000000000000000000,0.000000000000000000,0.000000000000000000,0.000000000000000000,0.000000000000000000,0.000000000000000000,0.000003243131232011,0.000006176323495310,0.000006738931460859,0.000005099107966089,0.000002565284830780,0.000000247644038609,0.000000000000000000,0.000000000000000000,0.000000000000000000,0.000000000000000000,0.000000000000000000,0.000000000000000000,0.000002062345629383,0.000004581585471897,0.000006172279427119,0.000006225551260286,0.000004610196810972,0.000002488557129254,0.000000212956180690,0.000000000000000000,0.000000000000000000,0.000000000000000000,0.000000000000000000,0.000000000000000000,0.000000000000000000,0.000000000000000000,0.000004538328994386,0.000008753772817727,0.000011063256351918,0.000011159057976329,0.000009433167178940,0.000006595684226340,0.000003460000925770,0.000000629435362498,0.000000000000000000,0.000000000000000000,0.000000000000000000,0.000000000000000000,0.000000000000000000,0.000000000000000000,0.000000000000000000,0.000000000000000000,0.000000000000000000,0.000000000000000000,0.000000000000000000,0.000000000000000000,0.000000000000000000,0.000000413419911638,0.000002467886815793,0.000004577173967846,0.000006557049800904,0.000008212163265853,0.000009504367881163,0.000010186302461079,0.000009613024303690,0.000008382662599615,0.000006859780114610,0.000004563641141431,0.000001822881813496,0.000000000000000000,0.000000000000000000,0.000000000000000000,0.000000000000000000,0.000000000000000000,0.000000000000000000,0.000000000000000000,0.000000000000000000,0.000000000000000000,0.000000000000000000,0.000000000000000000,0.000000000000000000,0.000000000000000000,0.000000000000000000,0.000000000000000000,0.000000000000000000,0.000000000000000000,0.000000000000000000,0.000000000000000000,0.000000000000000000,0.000000000000000000,0.000000000000000000,
15/9/2022,16:7:19,0,750,3,0,0,1,0.15,0.23,0.05,0.000000000000000000,0.000000000000000000,0.000000000000000000,0.000000000000000000,0.000000000000000000,0.000000000000000000,0.000000000000000000,0.000000000000000000,0.000000000000000000,0.000000000000000000,0.000000000000000000,0.000000000000000000,0.000000192184501202,0.000004243880084687,0.000006993119768595,0.000007847779670556,0.000007195629223133,0.000006066566129448,0.000005404374860518,0.000005037432856625,0.000004413638180267,0.000002744558742052,0.000000000000000000,0.000000000000000000,0.000000000000000000,0.000000000000000000,0.000000000000000000,0.000000000000000000,0.000001234941123585,0.000003421881046961,0.000005478160346684,0.000007374117558356,0.000008512467502442,0.000008270621947304,0.000006570476671186,0.000003985094281234,0.000001191111891785,0.000000000000000000,0.000000000000000000,0.000000000000000000,0.000000000000000000,0.000000758879821205,0.000004726998213300,0.000008792984772299,0.000012167725799372,0.000013391731044976,0.000012870038517576,0.000009681796655059,0.000004560988145386,0.000000000000000000,0.000000000000000000,0.000000000000000000,0.000000000000000000,0.000000000000000000,0.000002880785814341,0.000007392034603981,0.000009283520739700,0.000008066490408964,0.000005257549219095,0.000002718532414292,0.000002432028622934,0.000001581118908689,0.000001031669626173,0.000000597944676883,0.000000391957200918,0.000000597511871092,0.000001454616267438,0.000002247344809803,0.000002316124664503,0.000001260443468709,0.000000000000000000,0.000000000000000000,0.000000000000000000,0.000000000000000000,0.000000000000000000,0.000000000000000000,0.000000000000000000,0.000000000000000000,0.000000000000000000,0.000003851024303003,0.000008805266588752,0.000011830996299977,0.000012488321772253,0.000010504917554499,0.000006285461040534,0.000000933472335873,0.000000000000000000,0.000000000000000000,0.000000000000000000,0.000000000000000000,0.000000000000000000,0.000001742139716043,0.000005233702268015,0.000007162037491071,0.000007043971436360,0.000006053885499568,0.000003874750291288,0.000001485393909206,0.000000000000000000,0.000000000000000000,0.000000000000000000,0.000000000000000000,0.000000000000000000,0.000000000000000000,0.000001382650339110,0.000002756966068773,0.000003821352493105,0.000004757354872709,0.000004690706646215,0.000004559293302009,0.000003765542714973,0.000002736127953540,0.000001380335220347,0.000000000000000000,0.000000000000000000,0.000000000000000000,0.000000000000000000,0.000000000000000000,0.000000000000000000,0.000000000000000000,0.000000000000000000,0.000000000000000000,0.000000000000000000,0.000000000000000000,0.000000000000000000,0.000000000000000000,0.000000000000000000,0.000000000000000000,0.000000000000000000,0.000000000000000000,0.000000000000000000,0.000000000000000000,0.000000000000000000,0.000000000000000000,0.000000000000000000,
15/9/2022,16:8:24,1,219,6,1,0,0,289.88,307.22,378.69,0.000000000000000000,0.000000000000000000,0.000000000000000000,0.000000000000000000,0.000044326527131489,0.000069035682827234,0.000047301273298217,0.000016372188838432,0.000000000000000000,0.000000000000000000,0.000000000000000000,0.000000000000000000,0.000043322008423274,0.000147433049278334,0.000351652386598289,0.000710262916982174,0.001301140757277608,0.002198048867285252,0.003377784043550491,0.004751665983349085,0.006085540633648634,0.007111811544746161,0.007569069042801857,0.007376086898148060,0.006619426887482405,0.005546566564589739,0.004403379280120134,0.003430377924814820,0.002709446707740426,0.002284703543409705,0.002152340020984411,0.002295925747603178,0.002687903819605708,0.003292470937594771,0.004042064305394888,0.004841718822717667,0.005594590678811073,0.006216438487172127,0.006643156521022320,0.006832868326455355,0.006761856842786074,0.006419925950467587,0.005857553798705339,0.005121176596730947,0.004290441051125526,0.003444909816607833,0.002664997242391109,0.002015827223658562,0.001561668235808611,0.001332167536020279,0.001355727901682258,0.001643274561502039,0.002197675406932831,0.002991676796227694,0.003972125239670277,0.005053048953413963,0.006081244442611933,0.006867380347102880,0.007192064542323351,0.006907185073941946,0.006074070464819670,0.004828579723834991,0.003541923128068447,0.002460845280438662,0.001674446859396994,0.001159499865025282,0.000841809378471226,0.000639407371636480,0.000498266250360757,0.000380772777134553,0.000301377207506448,0.000245670060394332,0.000220673246076331,0.000203633142518811,0.000168255894095637,0.000105214945506305,0.000036319350328995,0.000008574866114941,0.000046037319407333,0.000112300949695054,0.000149275059811771,0.000137033304781653,0.000109883578261361,0.000111015746369958,0.000140558462589979,0.000177173933479935,0.000199039452127181,0.000207189252250828,0.000207797740586102,0.000206912736757658,0.000194580483366735,0.000172316678799689,0.000137994065880775,0.000085935127572156,0.000027770613087341,0.000000000000000000,0.000000000000000000,0.000000000000000000,0.000000000000000000,0.000000000000000000,0.000000000000000000,0.000000000000000000,0.000000000000000000,0.000000000000000000,0.000035070519516012,0.000066720953327604,0.000100189288787078,0.000124984246212989,0.000132788482005708,0.000147298720548861,0.000146197300637141,0.000145626996527426,0.000141465163324028,0.000137680588522926,0.000131046806927770,0.000118694391858298,0.000104732695035636,0.000084678882558364,0.000126453218399547,0.000090668720076792,0.000074583665991668,0.000044698048441205,0.000015210816854960,0.000000000000000000,0.000000000000000000,0.000000000000000000,0.000000000000000000,0.000000000000000000,0.000000000000000000,0.000000000000000000,0.000000000000000000,0.000000000000000000,0.000000000000000000,0.000000000000000000,0.000000000000000000,
15/9/2022,16:14:49,0,500,6,1,0,0,13.07,13.75,9.21,0.000000000000000000,0.000000000000000000,0.000002549073997216,0.000009120692993747,0.000008922364941100,0.000003621059249781,0.000000000000000000,0.000000000000000000,0.000000000000000000,0.000000000000000000,0.000000000000000000,0.000004049793915328,0.000019078577679466,0.000035478733479977,0.000051121409342159,0.000064651329012122,0.000075172822107561,0.000084392755525187,0.000091550995421130,0.000098480588349048,0.000105792481917888,0.000114302929432597,0.000124831072753295,0.000135432477691211,0.000145287311170250,0.000152292093844153,0.000157541289809160,0.000159879476996139,0.000159421630087309,0.000157938498887233,0.000157391550601460,0.000158907860168256,0.000163872551638633,0.000171285239048302,0.000179040915099904,0.000185368306119926,0.000189263082575053,0.000191688377526589,0.000193867876078002,0.000196974186110310,0.000200785027118400,0.000203591378522106,0.000205058240680955,0.000204277472221293,0.000201596238184720,0.000197420056792907,0.000193756000953726,0.000189158250577748,0.000185290788067505,0.000182662231964059,0.000182298128493130,0.000183841504622251,0.000186627279617824,0.000190283084521070,0.000194948544958606,0.000200755603145808,0.000206240889383480,0.000209921054192819,0.000210269165108912,0.000206239565159194,0.000202368071768433,0.000194234657101333,0.000187595593160950,0.000182672069058754,0.000178318121470511,0.000173960506799631,0.000171115330886096,0.000170696730492637,0.000172414685948752,0.000174900516867638,0.000178128975676373,0.000181232739123516,0.000186199002200738,0.000193219777429476,0.000202190887648612,0.000213805906241760,0.000230200821533799,0.000252623518463224,0.000277962477412075,0.000299110921332613,0.000309679628117010,0.000308860035147518,0.000303684471873567,0.000302678265143186,0.000308590068016201,0.000319775397656485,0.000332822499331087,0.000345172127708793,0.000354863208485767,0.000361010315828025,0.000362294784281403,0.000358846649760380,0.000351919297827408,0.000342873856425285,0.000333242613123730,0.000326993555063382,0.000321495928801596,0.000318661623168737,0.000319541257340461,0.000319959537591785,0.000322539883200079,0.000325176806654781,0.000328566908137873,0.000331151240970939,0.000332705938490108,0.000332116644131020,0.000329367525409907,0.000323749292874709,0.000313197408104315,0.000302051776088774,0.000286687834886834,0.000270014425041154,0.000251910212682560,0.000233265658607706,0.000214746454730630,0.000197325207409449,0.000181534036528319,0.000166150959557854,0.000158272931003012,0.000148508319398388,0.000149330764543265,0.000145808429806493,0.000144181045470759,0.000143932280479930,0.000145270940265618,0.000148428327520378,0.000150928404764272,0.000158884708071128,0.000166511817951687,0.000174992397660390,0.000184705189894885,0.000194826599908993,0.000204935276997276,0.000213878971408121,0.000223356779315509,
15/9/2022,16:19:58,1,500,3,0,0,0,15.85,16.80,11.74,0.000000000000000000,0.000000000000000000,0.000000000000000000,0.000010221344382444,0.000019227418306400,0.000010932077202597,0.000000000000000000,0.000000000000000000,0.000000000000000000,0.000000000000000000,0.000000000000000000,0.000013227181625552,0.000035683286114363,0.000052047958888579,0.000062185252318159,0.000070689406129532,0.000082472222857177,0.000100051387562416,0.000119502539746463,0.000137163209728897,0.000151032814756036,0.000159991235705093,0.000166726284078322,0.000171059975400567,0.000173713371623307,0.000176778339664452,0.000180499919224530,0.000184988093678840,0.000187313227797858,0.000188559977686964,0.000189378974027932,0.000191254846868105,0.000194945736438967,0.000200827984372154,0.000207888151635416,0.000215692474739626,0.000223670533159748,0.000231766825891100,0.000240582347032614,0.000249818549491465,0.000259194261161610,0.000266723392996937,0.000270367978373542,0.000268324627541006,0.000261526583926752,0.000251375895459205,0.000240745343035087,0.000229977245908231,0.000219354638829827,0.000208433571970090,0.000198904454009607,0.000194459280464798,0.000197906265384518,0.000210227270144969,0.000228879565838724,0.000247753196163103,0.000262840883806348,0.000270349497441202,0.000269271607976407,0.000261478387983516,0.000251964869676158,0.000239479646552354,0.000229419980314560,0.000222070011659525,0.000215548250707798,0.000208017401746474,0.000202221490326338,0.000200908805709332,0.000205889926292002,0.000216290965909138,0.000228202028665692,0.000236211693845689,0.000236979700275697,0.000231091325986199,0.000221720736590214,0.000215323132579215,0.000218740780837834,0.000237389525864273,0.000269481883151457,0.000305325636873022,0.000332667987095192,0.000348218251019716,0.000355133059201762,0.000358520337613299,0.000360014673788100,0.000359699100954458,0.000357649405486882,0.000356010161340237,0.000355882366420701,0.000359056692104787,0.000363007886335254,0.000366832886356860,0.000368950306437910,0.000367708969861269,0.000363547529559582,0.000357174372766167,0.000348836096236482,0.000340856553521007,0.000335162796545774,0.000330456969095394,0.000327869551256299,0.000328334252117202,0.000330000591930002,0.000331888702930883,0.000334497250150889,0.000335745193297043,0.000335097312927246,0.000332552532199770,0.000324733089655638,0.000315299985231832,0.000302107539027929,0.000286590540781617,0.000268816336756572,0.000249678210821003,0.000229758501518518,0.000210632148082368,0.000193078289157711,0.000176336834556423,0.000167852442245930,0.000155402056407183,0.000151549596921541,0.000146700534969568,0.000144337886013091,0.000143731129355729,0.000145202546264045,0.000148583145346493,0.000151396030560136,0.000155769987031817,0.000163227276061662,0.000171819672686979,0.000180074493982829,0.000189939339179546,0.000198793248273432,0.000206978089408949,0.000215537715121172,
15/9/2022,16:20:15,1,500,6,1,0,0,17.30,18.11,12.16,0.000000000000000000,0.000000258624936578,0.000007269838079083,0.000019285340385977,0.000022913724023965,0.000018159653336625,0.000007278941666300,0.000000000000000000,0.000000000000000000,0.000000000000000000,0.000000000000000000,0.000011561191968212,0.000030259074264904,0.000048380141379312,0.000063569248595741,0.000076197298767511,0.000088337088527624,0.000103584025055170,0.000120981341751758,0.000139720403240062,0.000156668669660576,0.000169432241818868,0.000177844965946861,0.000181935451109894,0.000183513344381936,0.000185766402864829,0.000188650461495854,0.000193046333151869,0.000195834480109625,0.000198118053958751,0.000200776907149702,0.000205184318474494,0.000212619721423835,0.000222810369450599,0.000234278413699940,0.000245315080974251,0.000254757644142956,0.000262386340182275,0.000268495001364499,0.000273318990366533,0.000276915961876512,0.000277029495919123,0.000273596175247803,0.000265449401922524,0.000254514947300777,0.000243888687691651,0.000237849992117845,0.000235945437452756,0.000237395463045686,0.000239003216847777,0.000239868721109815,0.000240533030591905,0.000242260546656325,0.000246937677729875,0.000255797145655379,0.000268592179054394,0.000283356872387230,0.000296765269013122,0.000303739099763334,0.000300784740829840,0.000289676361717284,0.000269670068519190,0.000250870565650985,0.000237787418882363,0.000229814308113419,0.000224296280066483,0.000220279733184725,0.000219126974116080,0.000222558010136709,0.000229529512580484,0.000239869899814948,0.000248244759859517,0.000252332014497370,0.000252110185101628,0.000249335076659918,0.000248903612373397,0.000256769766565412,0.000276705861324444,0.000305902329273522,0.000334137759637088,0.000351107679307461,0.000355649099219590,0.000355219090124592,0.000358884717570618,0.000368670385796577,0.000382033758796751,0.000395059352740645,0.000405579572543502,0.000411889894166961,0.000413813802879304,0.000410239241318777,0.000401463214075193,0.000389441236620769,0.000375742587493733,0.000361904356395826,0.000353674375219271,0.000347601657267660,0.000345633015967906,0.000347600667737424,0.000349030538927764,0.000352220580680296,0.000355895172106102,0.000359157886123285,0.000361039768904448,0.000361928832717240,0.000360601436113939,0.000357387965777889,0.000351492461049929,0.000340922240866348,0.000330060196574777,0.000315664248773828,0.000299665378406644,0.000282253866316751,0.000264049769612029,0.000245771836489439,0.000228178527322598,0.000212153885513544,0.000196063832845539,0.000187845842447132,0.000177472320501693,0.000175312990904786,0.000171383027918637,0.000170338040334173,0.000171760286320932,0.000175564680830576,0.000181112889549695,0.000185397599125281,0.000198087887838483,0.000205414340598509,0.000210561789572239,0.000215236213989556,0.000219573150388896,0.000223328301217407,0.000224732852075249,0.000226430885959417,
15/9/2022,16:20:42,1,500,6,1,0,0,15.73,16.53,11.39,0.000000000000000000,0.000002975614279421,0.000014284585631685,0.000026132356651942,0.000026463580070413,0.000019391145542613,0.000006127236702014,0.000000000000000000,0.000000000000000000,0.000000000000000000,0.000000000000000000,0.000017565376765560,0.000036189434467815,0.000052909661462763,0.000065604261180852,0.000075776268204208,0.000085082901932765,0.000096922878583428,0.000110778797534294,0.000126649567391723,0.000142915683682077,0.000157292801304720,0.000169107734109275,0.000176082161488011,0.000178634873009287,0.000179354523424990,0.000178654328919947,0.000179521695827134,0.000181042109034024,0.000183345866389573,0.000186186473001726,0.000189888291060925,0.000195490298210643,0.000203242889256217,0.000212428029044531,0.000221369438804686,0.000228231816436164,0.000232956474064849,0.000236613515880890,0.000240838082390837,0.000246583309490234,0.000252661207923666,0.000256430561421439,0.000255461141932756,0.000249477743636817,0.000240207518800162,0.000231922109378502,0.000224670046009123,0.000218672867049463,0.000211432299693115,0.000204370429855771,0.000200138340005651,0.000202210401766934,0.000212688377359882,0.000229992743697949,0.000248592958087102,0.000264682545093819,0.000274035381153226,0.000275120692094788,0.000268187577603385,0.000257880019489676,0.000240781955653802,0.000224519084440544,0.000211449820199050,0.000201773073058575,0.000195072279893793,0.000192171937669627,0.000193626998225227,0.000198595851543359,0.000205130258109421,0.000212438069866039,0.000218464876525104,0.000222616174141876,0.000224350791540928,0.000223005859879777,0.000221302107092924,0.000224625953705981,0.000239197295741178,0.000265086651779711,0.000294851226499304,0.000318041071295738,0.000331451534293592,0.000338159850798547,0.000344369618687779,0.000351577124092728,0.000358467688784003,0.000363842380465940,0.000367975764675066,0.000370595400454476,0.000373324903193861,0.000373875926015899,0.000371496513253078,0.000366175634553656,0.000357612181687728,0.000346791901392862,0.000336565251927823,0.000327315268805251,0.000321105704642832,0.000318840058753267,0.000317740981699899,0.000318735721521080,0.000322177191264927,0.000325558095937595,0.000328503752825782,0.000331609771819785,0.000333061761921272,0.000332460331264883,0.000329484173562378,0.000321483967127278,0.000313825119519606,0.000300601997878402,0.000286094262264669,0.000269458687398583,0.000251254503382370,0.000232351361773908,0.000213608829653822,0.000196093780687079,0.000179112947080284,0.000165786026627757,0.000153206361574121,0.000148336199345067,0.000142511227750219,0.000139671115903184,0.000139491108711809,0.000142261342261918,0.000147475511766970,0.000153878456330858,0.000163172837346792,0.000172313142684288,0.000181862997123972,0.000190259612281807,0.000197514367755502,0.000202801296836697,0.000206030177650973,0.000208199911867268,
15/9/2022,16:21:20,1,500,3,0,0,0,16.02,16.92,11.48,0.000002156368509532,0.000009614946065994,0.000010532980013522,0.000024979100999190,0.000026545896616881,0.000014941294466553,0.000000000000000000,0.000000000000000000,0.000000000000000000,0.000000000000000000,0.000000000000000000,0.000011805836948042,0.000028128250050941,0.000043547908717301,0.000058445930335438,0.000073166847869288,0.000086318461399060,0.000098691474704538,0.000108496176835615,0.000118611205834895,0.000131466222228482,0.000147851198562421,0.000165852732607163,0.000181511801201850,0.000191060462384485,0.000193619489436969,0.000191081591765396,0.000186606732313521,0.000181666589924134,0.000179677910637110,0.000181685478310101,0.000187336307135411,0.000196222565136850,0.000206579963560216,0.000216351312701590,0.000224125033128075,0.000229769997531548,0.000234130420722067,0.000238924811128527,0.000244850671151653,0.000251978723099455,0.000258808984654024,0.000263123627519235,0.000263355817878619,0.000259240885498002,0.000252256693784148,0.000244570925133303,0.000236344945733435,0.000228525270358659,0.000219749475945719,0.000211769292945974,0.000205488890060224,0.000204512034542859,0.000209974939934909,0.000222410060814582,0.000238661101320758,0.000256658502621576,0.000271659664576873,0.000280207081232220,0.000279451953247190,0.000272127625066787,0.000254368875175714,0.000235748695558868,0.000221051624976099,0.000212239116081037,0.000208031255169772,0.000206265365704894,0.000205173098947853,0.000204876618226990,0.000207778284675442,0.000216379048652016,0.000228726843488403,0.000242008012719452,0.000250440090894699,0.000250182230956852,0.000243426358792931,0.000238398206420243,0.000244762806687504,0.000266189046669751,0.000295567238936201,0.000319047889206558,0.000330081733409315,0.000330854527419433,0.000330144801409915,0.000333633041009307,0.000342788611305878,0.000356178265064955,0.000370637862943113,0.000381533434847370,0.000386333762435243,0.000381873222067952,0.000369480898370966,0.000353127164999023,0.000336903758579865,0.000323493848554790,0.000316580262733623,0.000314000644721091,0.000315440789563581,0.000320289691444486,0.000324599415762350,0.000329875038005412,0.000334502430632710,0.000339418475050479,0.000343216088367626,0.000346610642736778,0.000348116329405457,0.000347961904481053,0.000345070468029007,0.000337259902153164,0.000327539484715089,0.000315712095471099,0.000300902145681903,0.000283818342722952,0.000266078393906355,0.000246148760197684,0.000226326228585094,0.000207643170142546,0.000187814963283017,0.000177077163243666,0.000162795171490870,0.000156449168571271,0.000148123013786972,0.000142546326969750,0.000139459705678746,0.000138979608891532,0.000141195952892303,0.000143718541949056,0.000149217157741077,0.000158689683303237,0.000167529695318080,0.000178566027898341,0.000190686929272488,0.000202476730919443,0.000213900959352031,0.000224943840294145,
15/9/2022,16:22:50,1,500,6,1,0,0,15.18,15.91,11.01,0.000000673344743518,0.000007348536200880,0.000011274015378149,0.000020599407434929,0.000022428976080846,0.000017911335817189,0.000007391769031528,0.000000000000000000,0.000000000000000000,0.000000000000000000,0.000000000000000000,0.000002920683300545,0.000020897423382849,0.000041221057472285,0.000060521368141053,0.000076889358751941,0.000089672423200682,0.000102094192698132,0.000113535636046436,0.000125863327411935,0.000137855429784395,0.000148258739500307,0.000157268776092678,0.000163684846484102,0.000168214595760219,0.000172267522430047,0.000175224893609993,0.000178680478711613,0.000180479604750872,0.000182311676326208,0.000184245625860058,0.000186965189641342,0.000191245562746190,0.000197692846995778,0.000206096083275042,0.000214585903449915,0.000221094916923903,0.000224806120968424,0.000226421194383875,0.000228535369387828,0.000232773149036802,0.000238935012021102,0.000244348397245631,0.000245450006332248,0.000240501220105216,0.000230432924581692,0.000219304434722289,0.000209855119464919,0.000204518233658746,0.000201852890313603,0.000201804417883977,0.000204216645215638,0.000209253586945124,0.000217539127334021,0.000228375225560740,0.000239956978475675,0.000249603530392051,0.000255485647358000,0.000255950959399343,0.000250321143539622,0.000241893547354266,0.000229613331612200,0.000217870532651432,0.000207578923436813,0.000197612709598616,0.000187920377356932,0.000180243281647563,0.000177594556589611,0.000181424795300700,0.000190581064089201,0.000202945273485966,0.000214522282476537,0.000223531838855706,0.000228785691433586,0.000229831639444456,0.000229230834520422,0.000232803809922189,0.000245925068156794,0.000268478819634765,0.000292973476462066,0.000309871364152059,0.000316858029691502,0.000318501057336107,0.000321840489050373,0.000328790280036628,0.000338148063747212,0.000347872526617721,0.000357386656105518,0.000365769170457497,0.000371975300367922,0.000373401562683284,0.000369063578546047,0.000360051781171933,0.000348200264852494,0.000335732242092490,0.000325746601447463,0.000318328005960211,0.000314304343191907,0.000314243981847540,0.000313947763061151,0.000315391022013500,0.000318020640406758,0.000320738705340773,0.000322939449688420,0.000325232947943732,0.000326149485772476,0.000325566623359919,0.000323054846376181,0.000316976394969970,0.000310196977807209,0.000298786471830681,0.000286263501038775,0.000271614640951157,0.000255395978456363,0.000238379929214716,0.000220811140025035,0.000203668139874935,0.000186686942470260,0.000174953558598645,0.000163396223797463,0.000160548210260458,0.000155899630044587,0.000154165434651077,0.000154972512973472,0.000158335315063596,0.000163259086548351,0.000167773192515597,0.000175099339685403,0.000183160984306596,0.000189587051863782,0.000196963839698583,0.000204358235350810,0.000210786674870178,0.000215906198718585,0.000220816888031550,
15/9/2022,16:25:1,1,500,6,1,0,0,47.82,50.22,35.99,0.000000000000000000,0.000000000000000000,0.000000000000000000,0.000002400571020189,0.000012138681086071,0.000015491827070946,0.000013871967894374,0.000011684144737956,0.000013194919119996,0.000020138952095294,0.000031766510801390,0.000042700681660790,0.000048774054448586,0.000053220443078317,0.000062709295889363,0.000085785846749786,0.000129458261653781,0.000197988556465134,0.000284076813841239,0.000379999662982300,0.000473496736958623,0.000552272482309490,0.000606281915679574,0.000626964727416635,0.000616329140029848,0.000584008346777409,0.000542035733815283,0.000504453782923520,0.000476857414469123,0.000463769509224221,0.000466209283331409,0.000482104631373659,0.000510838988702744,0.000549473450519145,0.000593251781538129,0.000635752279777080,0.000672032067086548,0.000700253760442138,0.000721052114386111,0.000736107234843075,0.000748242367990315,0.000754846376366913,0.000758287729695439,0.000756589986849576,0.000751993851736188,0.000746464822441339,0.000740906107239425,0.000734805071260780,0.000730210857000202,0.000725624733604491,0.000723976001609117,0.000724706391338259,0.000726967235095799,0.000729729479644448,0.000730535830371082,0.000725718331523240,0.000714066962245852,0.000691855209879577,0.000658369855955243,0.000614640361163765,0.000566165253985673,0.000512500933837146,0.000463503703940660,0.000422707700636238,0.000388292624847963,0.000357497396180406,0.000330798793584108,0.000309177528833970,0.000293672055704519,0.000282576860627159,0.000277610699413344,0.000273903860943392,0.000269921321887523,0.000264123460510746,0.000254864251473919,0.000245065515628085,0.000241018889937550,0.000251247431151569,0.000275564350886270,0.000301635038340464,0.000315152399707586,0.000313374825054780,0.000306707806885242,0.000307927111862227,0.000319030630635098,0.000335100135998800,0.000349540234310552,0.000359866418875754,0.000365818879799917,0.000368234352208674,0.000365265237633139,0.000357919489033520,0.000347738037817180,0.000334446056513116,0.000319449551170692,0.000310854724375531,0.000302168074995279,0.000297667516861111,0.000298039725748822,0.000296871759928763,0.000297413556836545,0.000302964414004236,0.000306857953546569,0.000310266128508374,0.000314908334985375,0.000317886704578996,0.000319885788485408,0.000319530896376818,0.000313790020300075,0.000308829155983403,0.000297523278277367,0.000285457470454276,0.000271022028755397,0.000255136139458045,0.000237822212511674,0.000219626934267581,0.000202078794245608,0.000181924013304524,0.000178592716110870,0.000161856034537777,0.000154909401317127,0.000144342484418303,0.000136765156639740,0.000131527413032018,0.000129506224766374,0.000129743653815240,0.000130079482914880,0.000144568140967749,0.000153441971633583,0.000164507902809419,0.000172204716363922,0.000180064162123017,0.000190139515325427,0.000200141366804019,0.000210908183362335,
15/9/2022,16:26:28,1,500,6,1,0,0,47.27,49.47,35.61,0.000000000000000000,0.000000000000000000,0.000000000000000000,0.000000783049699749,0.000012772412446793,0.000017160762581625,0.000015080100638443,0.000012860418792116,0.000013613285773317,0.000017664249753579,0.000024595348804723,0.000032393210858572,0.000039799131627660,0.000051372368034208,0.000071035472501535,0.000102010897535365,0.000146424688864499,0.000207643810426816,0.000279419939033687,0.000360272359102964,0.000443036609794945,0.000519919849466532,0.000580986146815121,0.000615997589193285,0.000621726911049336,0.000602651329245418,0.000568182964343578,0.000531952478922904,0.000500504043884575,0.000481901952298358,0.000478493253467605,0.000489086087327451,0.000512324622832239,0.000544365204405040,0.000580858555622399,0.000617259764112532,0.000650427711661905,0.000678248412441462,0.000700439035426825,0.000717610935680568,0.000731039734091610,0.000737803231459111,0.000740998308174312,0.000739596202038229,0.000736878777388483,0.000734790286514908,0.000734168279450387,0.000733504595700651,0.000732794462237507,0.000727942329831421,0.000721140881069005,0.000712739885784686,0.000705966784153134,0.000703451922163367,0.000705651124008000,0.000708099512849003,0.000705545186065137,0.000691750028636307,0.000664154242258519,0.000623716448899359,0.000579721410758793,0.000530485995113850,0.000485823111375794,0.000447873637313023,0.000414693349739537,0.000384140323149040,0.000356132281012833,0.000331181538058445,0.000310647272272035,0.000295783916953951,0.000287780218059197,0.000283498608041555,0.000281228974927217,0.000275190366664901,0.000262919696979225,0.000249276141403243,0.000246062729274854,0.000263420661212876,0.000298677827231586,0.000333261967170984,0.000346295593772084,0.000336495868396014,0.000319189188303426,0.000314261880703270,0.000326799694448709,0.000350273388903588,0.000373712595319375,0.000389305496355519,0.000394124479498714,0.000387320236768574,0.000370568450307474,0.000348946050507948,0.000327555084368214,0.000308639020659029,0.000293764634989202,0.000289603543933481,0.000287683506030589,0.000290461553959176,0.000299193401588127,0.000304110842989758,0.000309860013658181,0.000318281236104667,0.000325069151585922,0.000330294016748667,0.000335747987264767,0.000338636949891225,0.000339037476805970,0.000337403791490942,0.000330639886669815,0.000324820022797212,0.000312871561618522,0.000298386497888714,0.000282091990811750,0.000264664733549580,0.000247095216764137,0.000229176323045976,0.000211949300137348,0.000193865154869854,0.000193715517525561,0.000179467911948450,0.000173473381437361,0.000165406760061160,0.000160364055773243,0.000157379792653956,0.000157197995577008,0.000159118819283321,0.000161012707394548,0.000173830398125574,0.000180749979335815,0.000189538070117123,0.000195359549252316,0.000201399685465731,0.000208137222216465,0.000214694126043469,0.000221647511352785,
